"Service";"Niveau de satisfaction";"Contrat";"Durée hebdo";"%variable_moyen";"Augmentation";"Promotion";"Salaire base mensuel";"Sexe";"Congé maternité A-1";"Accident_du_travail (to number)";"Ancienneté_an_binned";"Distance domicile/Travail_binned";"Salaire base mensuel_binned";"Tranche_age";"id_anonymisé";"Salaire horaire";"Salaire horaire (Rounded)"
"Marketing";34;"CDI";35;27;0;0;9999.3833;"H";0;0;"4 - [15 - 20  ans[";"6 - [50-60[";"18 - 9500 et plus";"3 - [40-50[ ans";1;285.6966657142857;285.7
"Compta Finances";78;"CDI";35;34;0;0;9978.15;"H";0;0;"3 - [10 - 15[ ans";"3 - [20-30[";"18 - 9500 et plus";"3 - [40-50[ ans";2;285.09;285.09
"Marketing";45;"CDI";35;24;0;0;9940.2333;"H";0;0;"5 - Plus de 20 ans";"1 - [0-10[";"18 - 9500 et plus";"3 - [40-50[ ans";3;284.0066657142857;284.01
"RH";58;"CDI";35;27;1;1;9928.1;"H";0;0;"3 - [10 - 15[ ans";"2 - [10-20[";"18 - 9500 et plus";"2 - [30-40[ ans";4;283.66;283.66
"Consultant";60;"CDI";35;13;0;0;9873.5;"F";0;0;"5 - Plus de 20 ans";"7 - [60-70[";"18 - 9500 et plus";"3 - [40-50[ ans";5;282.1;282.1
"Commercial";40;"CDI";35;28;0;0;9785.5333;"H";0;1;"4 - [15 - 20  ans[";"5 - [40-50[";"18 - 9500 et plus";"2 - [30-40[ ans";6;279.5866657142857;279.59
"Consultant";69;"CDI";35;38;0;0;9782.5;"F";0;0;"2 - [5 - 10[ ans";"3 - [20-30[";"18 - 9500 et plus";"3 - [40-50[ ans";7;279.5;279.5
"Commercial";13;"CDI";35;4;1;0;9777.95;"F";0;1;"3 - [10 - 15[ ans";"6 - [50-60[";"18 - 9500 et plus";"3 - [40-50[ ans";8;279.37;279.37
"Consultant";72;"CDI";35;12;1;1;9737;"H";0;0;"2 - [5 - 10[ ans";"7 - [60-70[";"18 - 9500 et plus";"5 - [50-60[ ans";9;278.2;278.2
"RH";3;"CDI";35;17;0;0;9642.9667;"H";0;0;"4 - [15 - 20  ans[";"2 - [10-20[";"18 - 9500 et plus";"5 - [50-60[ ans";10;275.51333428571434;275.51
"RH";32;"CDI";35;19;1;0;9635.3833;"H";0;1;"2 - [5 - 10[ ans";"7 - [60-70[";"18 - 9500 et plus";"3 - [40-50[ ans";11;275.2966657142857;275.3
"Informatique";77;"CDI";35;5;1;0;9573.2;"H";0;0;"2 - [5 - 10[ ans";"3 - [20-30[";"18 - 9500 et plus";"3 - [40-50[ ans";12;273.52000000000004;273.52
"Commercial";48;"CDI";35;7;0;0;9573.2;"H";0;1;"4 - [15 - 20  ans[";"3 - [20-30[";"18 - 9500 et plus";"3 - [40-50[ ans";13;273.52000000000004;273.52
"Commercial";15;"CDI";35;20;1;0;9555;"F";0;0;"3 - [10 - 15[ ans";"6 - [50-60[";"18 - 9500 et plus";"2 - [30-40[ ans";14;273;273
"Commercial";81;"CDI";35;17;1;0;9497.3667;"F";0;0;"3 - [10 - 15[ ans";"7 - [60-70[";"17 - [9000 - 9500[";"3 - [40-50[ ans";15;271.3533342857143;271.35
"Commercial";52;"CDI";35;38;1;1;9488.2667;"H";0;0;"3 - [10 - 15[ ans";"1 - [0-10[";"17 - [9000 - 9500[";"5 - [50-60[ ans";16;271.09333428571426;271.09
"Consultant";1;"CDI";35;0;1;0;9447.3167;"H";0;0;"5 - Plus de 20 ans";"7 - [60-70[";"17 - [9000 - 9500[";"3 - [40-50[ ans";17;269.92333428571425;269.92
"Consultant";9;"CDI";35;24;1;0;9426.0833;"F";0;0;"5 - Plus de 20 ans";"5 - [40-50[";"17 - [9000 - 9500[";"5 - [50-60[ ans";18;269.3166657142857;269.32
"Consultant";25;"CDI";35;3;1;0;9400.3;"H";0;0;"5 - Plus de 20 ans";"2 - [10-20[";"17 - [9000 - 9500[";"5 - [50-60[ ans";19;268.58;268.58
"Informatique";74;"CDI";35;8;1;1;9366.9333;"F";0;0;"2 - [5 - 10[ ans";"5 - [40-50[";"17 - [9000 - 9500[";"3 - [40-50[ ans";20;267.6266657142857;267.63
"Compta Finances";84;"CDI";35;1;1;0;9256.2167;"F";0;0;"2 - [5 - 10[ ans";"1 - [0-10[";"17 - [9000 - 9500[";"5 - [50-60[ ans";21;264.4633342857143;264.46
"Marketing";69;"CDI";35;4;0;0;9218.3;"F";0;0;"2 - [5 - 10[ ans";"3 - [20-30[";"17 - [9000 - 9500[";"3 - [40-50[ ans";22;263.38;263.38
"Consultant";7;"CDI";35;17;1;0;9162.1833;"F";0;0;"2 - [5 - 10[ ans";"5 - [40-50[";"17 - [9000 - 9500[";"5 - [50-60[ ans";23;261.77666571428574;261.78
"Informatique";8;"CDI";35;21;0;0;9096.9667;"H";0;1;"2 - [5 - 10[ ans";"5 - [40-50[";"17 - [9000 - 9500[";"5 - [50-60[ ans";24;259.9133342857143;259.91
"Commercial";11;"CDI";35;1;0;0;9069.6667;"H";0;0;"4 - [15 - 20  ans[";"7 - [60-70[";"17 - [9000 - 9500[";"3 - [40-50[ ans";25;259.1333342857143;259.13
"RH";1;"CDI";35;20;1;1;9039.3333;"H";0;0;"3 - [10 - 15[ ans";"4 - [30-40[";"17 - [9000 - 9500[";"1 - [20-30[ ans";26;258.2666657142857;258.27
"RH";59;"CDI";32;19;1;0;8860.8;"F";0;0;"3 - [10 - 15[ ans";"7 - [60-70[";"16 - [8500 - 9000[";"3 - [40-50[ ans";27;276.9;276.9
"Commercial";84;"CDI";35;17;0;1;8828.5167;"F";0;1;"3 - [10 - 15[ ans";"2 - [10-20[";"16 - [8500 - 9000[";"2 - [30-40[ ans";28;252.2433342857143;252.24
"RH";62;"CDI";35;19;0;1;8746.6167;"F";0;0;"2 - [5 - 10[ ans";"1 - [0-10[";"16 - [8500 - 9000[";"2 - [30-40[ ans";29;249.9033342857143;249.9
"Informatique";93;"CDI";35;20;0;0;8716.2833;"H";0;0;"2 - [5 - 10[ ans";"6 - [50-60[";"16 - [8500 - 9000[";"2 - [30-40[ ans";30;249.0366657142857;249.04
"Commercial";80;"CDI";35;37;1;0;8714.7667;"H";0;0;"4 - [15 - 20  ans[";"3 - [20-30[";"16 - [8500 - 9000[";"5 - [50-60[ ans";31;248.9933342857143;248.99
"Marketing";89;"CDI";35;34;1;0;8696.5667;"H";0;0;"3 - [10 - 15[ ans";"2 - [10-20[";"16 - [8500 - 9000[";"5 - [50-60[ ans";32;248.47333428571426;248.47
"Compta Finances";26;"CDI";35;37;0;0;8696.5667;"H";0;0;"2 - [5 - 10[ ans";"7 - [60-70[";"16 - [8500 - 9000[";"6 - Plus de 60 ans";33;248.47333428571426;248.47
"Compta Finances";25;"CDI";35;26;1;0;8655.6167;"F";0;0;"4 - [15 - 20  ans[";"7 - [60-70[";"16 - [8500 - 9000[";"3 - [40-50[ ans";34;247.3033342857143;247.3
"Commercial";44;"CDI";35;3;0;0;8629.8333;"F";0;0;"4 - [15 - 20  ans[";"4 - [30-40[";"16 - [8500 - 9000[";"3 - [40-50[ ans";35;246.56666571428573;246.57
"RH";87;"CDI";35;7;0;0;8563.1;"H";0;0;"5 - Plus de 20 ans";"6 - [50-60[";"16 - [8500 - 9000[";"3 - [40-50[ ans";36;244.66;244.66
"Informatique";35;"CDI";35;1;0;0;8458.45;"H";0;0;"4 - [15 - 20  ans[";"4 - [30-40[";"15 - [8000 - 8500[";"2 - [30-40[ ans";37;241.67000000000002;241.67
"Commercial";44;"CDI";35;18;1;0;8428.1167;"H";0;1;"4 - [15 - 20  ans[";"6 - [50-60[";"15 - [8000 - 8500[";"5 - [50-60[ ans";38;240.8033342857143;240.8
"Compta Finances";96;"CDI";35;38;0;1;8422.05;"F";0;0;"3 - [10 - 15[ ans";"6 - [50-60[";"15 - [8000 - 8500[";"5 - [50-60[ ans";39;240.62999999999997;240.63
"Commercial";14;"CDI";35;16;0;1;8337.1167;"H";0;1;"2 - [5 - 10[ ans";"3 - [20-30[";"15 - [8000 - 8500[";"2 - [30-40[ ans";40;238.2033342857143;238.2
"Compta Finances";42;"CDI";35;12;0;0;8332.5667;"F";0;0;"2 - [5 - 10[ ans";"4 - [30-40[";"15 - [8000 - 8500[";"2 - [30-40[ ans";41;238.07333428571428;238.07
"Compta Finances";60;"CDI";35;14;1;0;8328.0167;"F";0;0;"3 - [10 - 15[ ans";"6 - [50-60[";"15 - [8000 - 8500[";"2 - [30-40[ ans";42;237.9433342857143;237.94
"RH";78;"CDI";35;10;0;0;8277.9667;"H";0;0;"5 - Plus de 20 ans";"6 - [50-60[";"15 - [8000 - 8500[";"2 - [30-40[ ans";43;236.5133342857143;236.51
"Compta Finances";32;"CDI";35;14;0;0;8218.8167;"F";0;0;"4 - [15 - 20  ans[";"3 - [20-30[";"15 - [8000 - 8500[";"6 - Plus de 60 ans";44;234.82333428571428;234.82
"Commercial";54;"CDI";35;36;1;0;8126.3;"F";0;1;"4 - [15 - 20  ans[";"3 - [20-30[";"15 - [8000 - 8500[";"3 - [40-50[ ans";45;232.18;232.18
"RH";69;"CDI";35;38;0;0;8108.1;"F";0;0;"3 - [10 - 15[ ans";"7 - [60-70[";"15 - [8000 - 8500[";"2 - [30-40[ ans";46;231.66;231.66
"Compta Finances";70;"CDI";35;38;1;1;8073.2167;"H";0;0;"4 - [15 - 20  ans[";"3 - [20-30[";"15 - [8000 - 8500[";"3 - [40-50[ ans";47;230.66333428571428;230.66
"Marketing";75;"CDI";35;14;0;0;8056.5333;"F";0;0;"5 - Plus de 20 ans";"4 - [30-40[";"15 - [8000 - 8500[";"3 - [40-50[ ans";48;230.1866657142857;230.19
"Compta Finances";32;"CDI";35;13;0;1;8056.5333;"F";0;0;"3 - [10 - 15[ ans";"4 - [30-40[";"15 - [8000 - 8500[";"5 - [50-60[ ans";49;230.1866657142857;230.19
"Commercial";78;"CDI";35;38;1;0;7942.7833;"F";0;0;"3 - [10 - 15[ ans";"3 - [20-30[";"14 - [7500 - 8000[";"3 - [40-50[ ans";50;226.9366657142857;226.94
"Commercial";42;"CDI";35;32;1;0;7927.6167;"H";0;1;"3 - [10 - 15[ ans";"3 - [20-30[";"14 - [7500 - 8000[";"3 - [40-50[ ans";51;226.50333428571426;226.5
"Compta Finances";65;"CDI";35;35;0;0;7898.8;"F";0;1;"5 - Plus de 20 ans";"1 - [0-10[";"14 - [7500 - 8000[";"6 - Plus de 60 ans";52;225.68;225.68
"Compta Finances";53;"CDI";35;27;0;0;7889.7;"F";0;0;"4 - [15 - 20  ans[";"5 - [40-50[";"14 - [7500 - 8000[";"2 - [30-40[ ans";53;225.42;225.42
"RH";63;"CDI";35;36;1;0;7877.5667;"F";0;0;"5 - Plus de 20 ans";"3 - [20-30[";"14 - [7500 - 8000[";"3 - [40-50[ ans";54;225.07333428571428;225.07
"Compta Finances";96;"CDI";35;21;1;0;7753.2;"H";0;0;"4 - [15 - 20  ans[";"7 - [60-70[";"14 - [7500 - 8000[";"3 - [40-50[ ans";55;221.51999999999998;221.52
"Commercial";31;"CDI";35;23;1;0;7713.7667;"H";0;1;"3 - [10 - 15[ ans";"4 - [30-40[";"14 - [7500 - 8000[";"5 - [50-60[ ans";56;220.3933342857143;220.39
"RH";86;"CDI";35;27;0;0;7710.7333;"H";0;0;"2 - [5 - 10[ ans";"7 - [60-70[";"14 - [7500 - 8000[";"2 - [30-40[ ans";57;220.3066657142857;220.31
"RH";47;"CDI";35;9;0;0;7687.9833;"F";0;0;"4 - [15 - 20  ans[";"7 - [60-70[";"14 - [7500 - 8000[";"3 - [40-50[ ans";58;219.6566657142857;219.66
"Consultant";77;"CDI";35;37;1;1;7672.8167;"F";0;0;"1 - Moins de 5 ans";"4 - [30-40[";"14 - [7500 - 8000[";"3 - [40-50[ ans";59;219.2233342857143;219.22
"Informatique";54;"CDI";35;5;1;0;7654.6167;"H";0;0;"5 - Plus de 20 ans";"7 - [60-70[";"14 - [7500 - 8000[";"3 - [40-50[ ans";60;218.70333428571428;218.7
"RH";84;"CDI";35;21;1;0;7637.9333;"F";0;0;"2 - [5 - 10[ ans";"4 - [30-40[";"14 - [7500 - 8000[";"5 - [50-60[ ans";61;218.2266657142857;218.23
"Marketing";59;"CDI";35;27;0;0;7637.9333;"H";0;0;"3 - [10 - 15[ ans";"7 - [60-70[";"14 - [7500 - 8000[";"2 - [30-40[ ans";62;218.2266657142857;218.23
"Compta Finances";55;"CDI";35;19;1;1;7601.5333;"F";0;0;"3 - [10 - 15[ ans";"6 - [50-60[";"14 - [7500 - 8000[";"3 - [40-50[ ans";63;217.1866657142857;217.19
"Commercial";77;"CDI";35;6;1;0;7496.8833;"F";0;0;"5 - Plus de 20 ans";"6 - [50-60[";"13 - [7000 - 7500[";"3 - [40-50[ ans";64;214.19666571428573;214.2
"Compta Finances";70;"CDI";35;17;1;0;7377.0667;"F";0;0;"2 - [5 - 10[ ans";"7 - [60-70[";"13 - [7000 - 7500[";"5 - [50-60[ ans";65;210.7733342857143;210.77
"Marketing";17;"CDI";28;31;1;0;7358.8667;"H";0;0;"2 - [5 - 10[ ans";"5 - [40-50[";"13 - [7000 - 7500[";"2 - [30-40[ ans";66;262.8166678571428;262.82
"Consultant";24;"CDI";35;12;0;0;7308.8167;"F";0;0;"5 - Plus de 20 ans";"6 - [50-60[";"13 - [7000 - 7500[";"2 - [30-40[ ans";67;208.82333428571428;208.82
"Consultant";34;"CDI";35;17;1;0;7304.2667;"F";0;0;"2 - [5 - 10[ ans";"6 - [50-60[";"13 - [7000 - 7500[";"2 - [30-40[ ans";68;208.6933342857143;208.69
"Consultant";5;"CDI";28;7;1;1;7269.08;"H";0;0;"2 - [5 - 10[ ans";"7 - [60-70[";"13 - [7000 - 7500[";"3 - [40-50[ ans";69;259.61;259.61
"Marketing";64;"CDI";35;31;0;0;7264.8333;"H";0;0;"4 - [15 - 20  ans[";"7 - [60-70[";"13 - [7000 - 7500[";"5 - [50-60[ ans";70;207.56666571428573;207.57
"RH";84;"CDI";35;30;1;1;7263.3167;"H";0;0;"3 - [10 - 15[ ans";"2 - [10-20[";"13 - [7000 - 7500[";"5 - [50-60[ ans";71;207.5233342857143;207.52
"Compta Finances";66;"CDI";35;7;1;0;7185.9667;"H";0;0;"2 - [5 - 10[ ans";"7 - [60-70[";"13 - [7000 - 7500[";"6 - Plus de 60 ans";72;205.3133342857143;205.31
"Marketing";54;"CDI";35;37;1;1;7184.45;"H";0;0;"5 - Plus de 20 ans";"3 - [20-30[";"13 - [7000 - 7500[";"3 - [40-50[ ans";73;205.26999999999998;205.27
"Consultant";89;"CDI";35;38;1;0;7178.3833;"H";0;0;"2 - [5 - 10[ ans";"7 - [60-70[";"13 - [7000 - 7500[";"2 - [30-40[ ans";74;205.09666571428573;205.1
"RH";6;"CDI";35;3;0;0;7157.15;"F";0;0;"1 - Moins de 5 ans";"3 - [20-30[";"13 - [7000 - 7500[";"2 - [30-40[ ans";75;204.48999999999998;204.49
"RH";42;"CDI";35;21;1;0;7148.05;"F";1;1;"2 - [5 - 10[ ans";"3 - [20-30[";"13 - [7000 - 7500[";"2 - [30-40[ ans";76;204.23000000000002;204.23
"Commercial";39;"CDI";35;1;1;0;7098;"H";0;1;"5 - Plus de 20 ans";"3 - [20-30[";"13 - [7000 - 7500[";"3 - [40-50[ ans";77;202.8;202.8
"Informatique";31;"CDI";35;26;0;0;7081.3167;"H";0;0;"4 - [15 - 20  ans[";"1 - [0-10[";"13 - [7000 - 7500[";"5 - [50-60[ ans";78;202.32333428571428;202.32
"Consultant";99;"CDI";35;31;0;1;6973.6333;"H";0;0;"4 - [15 - 20  ans[";"6 - [50-60[";"12 - [6500 - 7000[";"5 - [50-60[ ans";79;199.24666571428574;199.25
"Commercial";21;"CDI";35;17;0;1;6902.35;"F";0;0;"4 - [15 - 20  ans[";"5 - [40-50[";"12 - [6500 - 7000[";"2 - [30-40[ ans";80;197.21;197.21
"Marketing";1;"CDI";24;21;1;0;6842.16;"H";0;0;"5 - Plus de 20 ans";"4 - [30-40[";"12 - [6500 - 7000[";"5 - [50-60[ ans";81;285.09;285.09
"Commercial";41;"CDI";35;5;1;0;6838.65;"F";1;1;"1 - Moins de 5 ans";"1 - [0-10[";"12 - [6500 - 7000[";"2 - [30-40[ ans";82;195.39;195.39
"Commercial";47;"CDI";35;14;1;0;6818.9333;"F";0;0;"5 - Plus de 20 ans";"4 - [30-40[";"12 - [6500 - 7000[";"3 - [40-50[ ans";83;194.8266657142857;194.83
"Compta Finances";6;"CDI";32;4;0;0;6743.36;"F";0;0;"5 - Plus de 20 ans";"6 - [50-60[";"12 - [6500 - 7000[";"3 - [40-50[ ans";84;210.73;210.73
"Consultant";63;"CDI";35;19;0;0;6591.4333;"F";0;1;"5 - Plus de 20 ans";"7 - [60-70[";"12 - [6500 - 7000[";"5 - [50-60[ ans";85;188.3266657142857;188.33
"Marketing";67;"CDI";35;13;1;0;6583.85;"F";0;0;"3 - [10 - 15[ ans";"6 - [50-60[";"12 - [6500 - 7000[";"5 - [50-60[ ans";86;188.11;188.11
"Informatique";4;"CDI";35;36;0;1;6526.2167;"H";0;0;"5 - Plus de 20 ans";"7 - [60-70[";"12 - [6500 - 7000[";"5 - [50-60[ ans";87;186.4633342857143;186.46
"Informatique";30;"CDI";35;1;0;0;6494.3667;"H";0;1;"2 - [5 - 10[ ans";"2 - [10-20[";"11 - [6000 - 6500[";"3 - [40-50[ ans";88;185.55333428571427;185.55
"Consultant";72;"CDI";35;24;1;0;6413.9833;"F";0;0;"2 - [5 - 10[ ans";"6 - [50-60[";"11 - [6000 - 6500[";"3 - [40-50[ ans";89;183.2566657142857;183.26
"Consultant";80;"CDI";35;21;0;0;6409.4333;"H";0;0;"2 - [5 - 10[ ans";"4 - [30-40[";"11 - [6000 - 6500[";"5 - [50-60[ ans";90;183.1266657142857;183.13
"Consultant";68;"CDI";35;11;1;0;6398.8167;"H";0;0;"2 - [5 - 10[ ans";"3 - [20-30[";"11 - [6000 - 6500[";"3 - [40-50[ ans";91;182.82333428571428;182.82
"Informatique";4;"CDI";35;26;1;0;6356.35;"F";0;0;"1 - Moins de 5 ans";"5 - [40-50[";"11 - [6000 - 6500[";"2 - [30-40[ ans";92;181.61;181.61
"Consultant";39;"CDI";35;34;0;0;6301.75;"F";0;0;"2 - [5 - 10[ ans";"3 - [20-30[";"11 - [6000 - 6500[";"5 - [50-60[ ans";93;180.05;180.05
"Commercial";3;"CDI";35;5;1;0;6212.2667;"F";0;0;"1 - Moins de 5 ans";"6 - [50-60[";"11 - [6000 - 6500[";"3 - [40-50[ ans";94;177.4933342857143;177.49
"Commercial";56;"CDI";35;23;0;1;6195.5833;"H";0;0;"3 - [10 - 15[ ans";"3 - [20-30[";"11 - [6000 - 6500[";"3 - [40-50[ ans";95;177.01666571428572;177.02
"Informatique";57;"CDI";24;17;0;0;6178.64;"H";0;0;"5 - Plus de 20 ans";"5 - [40-50[";"11 - [6000 - 6500[";"3 - [40-50[ ans";96;257.4433333333333;257.44
"RH";29;"CDI";35;38;0;0;6175.8667;"H";0;0;"2 - [5 - 10[ ans";"4 - [30-40[";"11 - [6000 - 6500[";"2 - [30-40[ ans";97;176.45333428571428;176.45
"Commercial";38;"CDI";35;16;1;1;6163.7333;"F";0;0;"5 - Plus de 20 ans";"7 - [60-70[";"11 - [6000 - 6500[";"3 - [40-50[ ans";98;176.1066657142857;176.11
"Compta Finances";94;"CDI";35;0;1;1;6127.3333;"F";0;0;"3 - [10 - 15[ ans";"7 - [60-70[";"11 - [6000 - 6500[";"5 - [50-60[ ans";99;175.06666571428573;175.07
"Commercial";7;"CDI";35;32;0;0;6121.2667;"H";0;1;"5 - Plus de 20 ans";"5 - [40-50[";"11 - [6000 - 6500[";"2 - [30-40[ ans";100;174.8933342857143;174.89
"Consultant";36;"CDI";35;3;1;0;6043.9167;"H";0;0;"4 - [15 - 20  ans[";"7 - [60-70[";"11 - [6000 - 6500[";"3 - [40-50[ ans";101;172.68333428571427;172.68
"Commercial";74;"CDI";35;39;1;0;6031.7833;"H";0;1;"4 - [15 - 20  ans[";"4 - [30-40[";"11 - [6000 - 6500[";"3 - [40-50[ ans";102;172.33666571428572;172.34
"Marketing";70;"CDI";35;2;1;0;6002.9667;"H";0;1;"5 - Plus de 20 ans";"4 - [30-40[";"11 - [6000 - 6500[";"3 - [40-50[ ans";103;171.51333428571428;171.51
"Commercial";17;"CDI";35;6;0;0;5984.7667;"H";0;0;"5 - Plus de 20 ans";"7 - [60-70[";"10 - [5500 - 6000[";"3 - [40-50[ ans";104;170.9933342857143;170.99
"Marketing";1;"CDI";24;32;1;0;5951.92;"F";0;0;"2 - [5 - 10[ ans";"7 - [60-70[";"10 - [5500 - 6000[";"5 - [50-60[ ans";105;247.99666666666667;248
"Commercial";41;"CDI";35;17;1;0;5949.8833;"H";0;0;"4 - [15 - 20  ans[";"7 - [60-70[";"10 - [5500 - 6000[";"2 - [30-40[ ans";106;169.99666571428574;170
"Marketing";37;"CDI";35;33;0;0;5930.1667;"H";0;0;"2 - [5 - 10[ ans";"3 - [20-30[";"10 - [5500 - 6000[";"3 - [40-50[ ans";107;169.43333428571427;169.43
"Commercial";15;"CDI";24;23;1;0;5895.76;"F";0;0;"5 - Plus de 20 ans";"7 - [60-70[";"10 - [5500 - 6000[";"5 - [50-60[ ans";108;245.65666666666667;245.66
"Consultant";94;"CDI";35;36;1;0;5810.35;"H";0;0;"2 - [5 - 10[ ans";"7 - [60-70[";"10 - [5500 - 6000[";"2 - [30-40[ ans";109;166.01000000000002;166.01
"Commercial";15;"CDI";35;37;0;0;5805.8;"H";0;0;"5 - Plus de 20 ans";"3 - [20-30[";"10 - [5500 - 6000[";"2 - [30-40[ ans";110;165.88;165.88
"Commercial";19;"CDI";35;17;0;0;5749.6833;"H";0;0;"3 - [10 - 15[ ans";"6 - [50-60[";"10 - [5500 - 6000[";"5 - [50-60[ ans";111;164.2766657142857;164.28
"Consultant";51;"CDI";35;6;1;1;5739.0667;"F";0;0;"5 - Plus de 20 ans";"4 - [30-40[";"10 - [5500 - 6000[";"5 - [50-60[ ans";112;163.9733342857143;163.97
"Compta Finances";100;"CDI";24;15;1;0;5724.16;"H";0;0;"4 - [15 - 20  ans[";"5 - [40-50[";"10 - [5500 - 6000[";"2 - [30-40[ ans";113;238.50666666666666;238.51
"Consultant";50;"CDI";35;17;1;0;5585.8833;"F";0;0;"4 - [15 - 20  ans[";"5 - [40-50[";"10 - [5500 - 6000[";"1 - [20-30[ ans";114;159.59666571428573;159.6
"Commercial";86;"CDI";35;20;1;1;5581.3333;"F";0;1;"5 - Plus de 20 ans";"5 - [40-50[";"10 - [5500 - 6000[";"2 - [30-40[ ans";115;159.4666657142857;159.47
"RH";7;"CDI";35;9;1;0;5522.1833;"F";0;0;"2 - [5 - 10[ ans";"7 - [60-70[";"10 - [5500 - 6000[";"6 - Plus de 60 ans";116;157.7766657142857;157.78
"Marketing";81;"CDI";35;23;1;1;5517.6333;"H";0;0;"5 - Plus de 20 ans";"1 - [0-10[";"10 - [5500 - 6000[";"3 - [40-50[ ans";117;157.64666571428572;157.65
"Commercial";47;"CDI";35;34;0;0;5464.55;"H";0;0;"3 - [10 - 15[ ans";"1 - [0-10[";"9 - [5000 - 5500[";"3 - [40-50[ ans";118;156.13;156.13
"Marketing";25;"CDI";24;39;0;0;5462.08;"H";0;0;"2 - [5 - 10[ ans";"7 - [60-70[";"9 - [5000 - 5500[";"2 - [30-40[ ans";119;227.58666666666667;227.59
"Consultant";8;"CDI";35;7;0;0;5455.45;"H";0;0;"4 - [15 - 20  ans[";"1 - [0-10[";"9 - [5000 - 5500[";"5 - [50-60[ ans";120;155.87;155.87
"Consultant";51;"CDI";24;30;0;0;5448.56;"H";0;0;"2 - [5 - 10[ ans";"1 - [0-10[";"9 - [5000 - 5500[";"5 - [50-60[ ans";121;227.02333333333334;227.02
"Consultant";51;"CDI";35;30;1;0;5388.7167;"F";0;0;"2 - [5 - 10[ ans";"2 - [10-20[";"9 - [5000 - 5500[";"3 - [40-50[ ans";122;153.9633342857143;153.96
"RH";80;"CDI";35;4;1;0;5359.9;"H";0;0;"4 - [15 - 20  ans[";"5 - [40-50[";"9 - [5000 - 5500[";"6 - Plus de 60 ans";123;153.14;153.14
"RH";30;"CDI";35;39;0;0;5293.1667;"F";0;0;"4 - [15 - 20  ans[";"2 - [10-20[";"9 - [5000 - 5500[";"6 - Plus de 60 ans";124;151.23333428571428;151.23
"Informatique";32;"CDI";35;11;0;0;5212.7833;"H";0;0;"1 - Moins de 5 ans";"4 - [30-40[";"9 - [5000 - 5500[";"5 - [50-60[ ans";125;148.9366657142857;148.94
"RH";77;"CDI";35;10;0;0;5106.6167;"F";0;0;"2 - [5 - 10[ ans";"3 - [20-30[";"9 - [5000 - 5500[";"3 - [40-50[ ans";126;145.90333428571427;145.9
"Consultant";62;"CDI";28;10;1;0;5097.2133;"H";0;0;"2 - [5 - 10[ ans";"4 - [30-40[";"9 - [5000 - 5500[";"3 - [40-50[ ans";127;182.04333214285717;182.04
"Commercial";31;"CDI";35;11;1;0;5092.9667;"F";0;0;"5 - Plus de 20 ans";"5 - [40-50[";"9 - [5000 - 5500[";"3 - [40-50[ ans";128;145.51333428571428;145.51
"RH";20;"CDI";35;33;0;0;5076.2833;"F";0;0;"1 - Moins de 5 ans";"5 - [40-50[";"9 - [5000 - 5500[";"5 - [50-60[ ans";129;145.0366657142857;145.04
"RH";55;"CDI";35;39;1;0;5067.1833;"F";0;0;"4 - [15 - 20  ans[";"4 - [30-40[";"9 - [5000 - 5500[";"5 - [50-60[ ans";130;144.7766657142857;144.78
"RH";46;"CDI";35;24;1;0;5056.5667;"F";1;0;"4 - [15 - 20  ans[";"7 - [60-70[";"9 - [5000 - 5500[";"2 - [30-40[ ans";131;144.4733342857143;144.47
"RH";95;"CDI";35;24;0;0;5035.3333;"H";0;0;"5 - Plus de 20 ans";"6 - [50-60[";"9 - [5000 - 5500[";"5 - [50-60[ ans";132;143.86666571428572;143.87
"Compta Finances";52;"CDI";35;8;0;0;4988.3167;"H";0;0;"5 - Plus de 20 ans";"4 - [30-40[";"8 - [4500 - 5000[";"5 - [50-60[ ans";133;142.5233342857143;142.52
"Commercial";66;"CDI";24;32;0;0;4974.32;"F";0;1;"3 - [10 - 15[ ans";"4 - [30-40[";"8 - [4500 - 5000[";"6 - Plus de 60 ans";134;207.26333333333332;207.26
"Commercial";1;"CDI";24;17;1;0;4882.8;"F";0;0;"2 - [5 - 10[ ans";"5 - [40-50[";"8 - [4500 - 5000[";"5 - [50-60[ ans";135;203.45000000000002;203.45
"RH";11;"CDI";24;14;0;0;4851.6;"F";0;0;"5 - Plus de 20 ans";"7 - [60-70[";"8 - [4500 - 5000[";"2 - [30-40[ ans";136;202.15;202.15
"Consultant";33;"CDI";24;19;0;1;4795.44;"H";0;0;"2 - [5 - 10[ ans";"1 - [0-10[";"8 - [4500 - 5000[";"2 - [30-40[ ans";137;199.80999999999997;199.81
"Marketing";73;"CDI";35;7;1;0;4763.85;"F";0;0;"3 - [10 - 15[ ans";"5 - [40-50[";"8 - [4500 - 5000[";"2 - [30-40[ ans";138;136.11;136.11
"Consultant";46;"CDI";35;26;1;0;4712.2833;"F";0;0;"3 - [10 - 15[ ans";"7 - [60-70[";"8 - [4500 - 5000[";"3 - [40-50[ ans";139;134.63666571428573;134.64
"Informatique";32;"CDI";35;5;0;0;4663.75;"F";0;1;"5 - Plus de 20 ans";"4 - [30-40[";"8 - [4500 - 5000[";"5 - [50-60[ ans";140;133.25;133.25
"Marketing";92;"CDI";35;15;0;0;4624.3167;"H";0;0;"3 - [10 - 15[ ans";"4 - [30-40[";"8 - [4500 - 5000[";"2 - [30-40[ ans";141;132.1233342857143;132.12
"Marketing";51;"CDI";35;38;1;0;4563.65;"F";0;1;"4 - [15 - 20  ans[";"6 - [50-60[";"8 - [4500 - 5000[";"3 - [40-50[ ans";142;130.39;130.39
"Consultant";90;"CDI";35;34;1;0;4516.6333;"F";0;0;"4 - [15 - 20  ans[";"5 - [40-50[";"8 - [4500 - 5000[";"3 - [40-50[ ans";143;129.04666571428572;129.05
"RH";46;"CDI";35;22;1;0;4499.95;"H";0;0;"2 - [5 - 10[ ans";"6 - [50-60[";"7 - [4000 - 4500[";"5 - [50-60[ ans";144;128.57;128.57
"Consultant";2;"CDI";35;33;1;0;4449.9;"H";0;0;"1 - Moins de 5 ans";"1 - [0-10[";"7 - [4000 - 4500[";"5 - [50-60[ ans";145;127.13999999999999;127.14
"Marketing";29;"CDI";35;30;0;0;4424.1167;"F";0;0;"5 - Plus de 20 ans";"6 - [50-60[";"7 - [4000 - 4500[";"3 - [40-50[ ans";146;126.40333428571428;126.4
"Compta Finances";28;"CDI";35;6;1;1;4421.0833;"H";0;0;"3 - [10 - 15[ ans";"1 - [0-10[";"7 - [4000 - 4500[";"5 - [50-60[ ans";147;126.31666571428572;126.32
"Consultant";39;"CDI";35;39;0;0;4296.7167;"H";0;0;"3 - [10 - 15[ ans";"4 - [30-40[";"7 - [4000 - 4500[";"6 - Plus de 60 ans";148;122.76333428571428;122.76
"Consultant";82;"CDI";35;12;0;1;4289.1333;"F";0;0;"3 - [10 - 15[ ans";"4 - [30-40[";"7 - [4000 - 4500[";"6 - Plus de 60 ans";149;122.54666571428572;122.55
"Consultant";50;"CDI";35;13;1;0;4281.55;"H";0;0;"2 - [5 - 10[ ans";"7 - [60-70[";"7 - [4000 - 4500[";"2 - [30-40[ ans";150;122.33;122.33
"Compta Finances";48;"CDI";35;31;0;0;4263.35;"H";0;0;"4 - [15 - 20  ans[";"7 - [60-70[";"7 - [4000 - 4500[";"5 - [50-60[ ans";151;121.81000000000002;121.81
"Compta Finances";4;"CDI";35;39;1;0;4204.2;"F";0;0;"2 - [5 - 10[ ans";"6 - [50-60[";"7 - [4000 - 4500[";"5 - [50-60[ ans";152;120.11999999999999;120.12
"Compta Finances";14;"CDI";35;34;1;0;4198.1333;"F";0;0;"1 - Moins de 5 ans";"4 - [30-40[";"7 - [4000 - 4500[";"2 - [30-40[ ans";153;119.94666571428573;119.95
"Informatique";41;"CDI";24;12;0;0;4165.2;"H";0;0;"5 - Plus de 20 ans";"5 - [40-50[";"7 - [4000 - 4500[";"5 - [50-60[ ans";154;173.54999999999998;173.55
"Commercial";60;"CDI";35;7;1;0;4152.6333;"F";0;1;"4 - [15 - 20  ans[";"5 - [40-50[";"7 - [4000 - 4500[";"3 - [40-50[ ans";155;118.64666571428573;118.65
"Consultant";34;"CDI";35;22;0;0;4134.4333;"H";0;0;"5 - Plus de 20 ans";"7 - [60-70[";"7 - [4000 - 4500[";"2 - [30-40[ ans";156;118.1266657142857;118.13
"RH";35;"CDI";24;8;1;0;4117.36;"F";0;0;"2 - [5 - 10[ ans";"1 - [0-10[";"7 - [4000 - 4500[";"6 - Plus de 60 ans";157;171.55666666666664;171.56
"Marketing";74;"CDI";35;28;0;0;4082.8667;"F";0;0;"5 - Plus de 20 ans";"4 - [30-40[";"7 - [4000 - 4500[";"3 - [40-50[ ans";158;116.65333428571428;116.65
"Marketing";37;"CDI";35;14;0;0;4022.2;"H";0;0;"4 - [15 - 20  ans[";"4 - [30-40[";"7 - [4000 - 4500[";"5 - [50-60[ ans";159;114.92;114.92
"Compta Finances";93;"CDI";35;12;0;0;4013.1;"F";0;0;"2 - [5 - 10[ ans";"6 - [50-60[";"7 - [4000 - 4500[";"2 - [30-40[ ans";160;114.66;114.66
"Consultant";60;"CDI";35;40;1;0;4000.9667;"H";0;0;"5 - Plus de 20 ans";"7 - [60-70[";"7 - [4000 - 4500[";"3 - [40-50[ ans";161;114.31333428571429;114.31
"Consultant";13;"CDI";35;32;0;0;3891.7667;"H";0;0;"2 - [5 - 10[ ans";"3 - [20-30[";"6 - [3500 - 4000[";"5 - [50-60[ ans";162;111.19333428571429;111.19
"RH";49;"CDI";35;1;0;1;3882.6667;"H";0;0;"3 - [10 - 15[ ans";"5 - [40-50[";"6 - [3500 - 4000[";"2 - [30-40[ ans";163;110.9333342857143;110.93
"Compta Finances";47;"CDI";24;9;1;1;3853.2;"F";0;0;"5 - Plus de 20 ans";"5 - [40-50[";"6 - [3500 - 4000[";"5 - [50-60[ ans";164;160.54999999999998;160.55
"RH";99;"CDI";35;26;0;0;3835.65;"F";0;0;"3 - [10 - 15[ ans";"2 - [10-20[";"6 - [3500 - 4000[";"5 - [50-60[ ans";165;109.59;109.59
"RH";39;"CDI";35;30;0;0;3803.8;"H";0;0;"5 - Plus de 20 ans";"1 - [0-10[";"6 - [3500 - 4000[";"3 - [40-50[ ans";166;108.68;108.68
"Commercial";61;"CDI";35;9;1;1;3800.7667;"F";0;0;"5 - Plus de 20 ans";"6 - [50-60[";"6 - [3500 - 4000[";"5 - [50-60[ ans";167;108.59333428571429;108.59
"RH";29;"CDI";35;24;0;0;3797.7333;"F";0;0;"5 - Plus de 20 ans";"6 - [50-60[";"6 - [3500 - 4000[";"5 - [50-60[ ans";168;108.50666571428572;108.51
"RH";62;"CDI";35;29;1;0;3705.2167;"F";0;1;"3 - [10 - 15[ ans";"7 - [60-70[";"6 - [3500 - 4000[";"3 - [40-50[ ans";169;105.86333428571429;105.86
"Marketing";25;"CDD";35;24;0;0;3693.0833;"H";0;0;"1 - Moins de 5 ans";"5 - [40-50[";"6 - [3500 - 4000[";"2 - [30-40[ ans";170;105.51666571428571;105.52
"Commercial";95;"CDI";35;33;0;1;3677.9167;"H";0;0;"5 - Plus de 20 ans";"5 - [40-50[";"6 - [3500 - 4000[";"2 - [30-40[ ans";171;105.08333428571429;105.08
"Marketing";69;"CDI";35;33;0;0;3655.1667;"H";0;0;"4 - [15 - 20  ans[";"5 - [40-50[";"6 - [3500 - 4000[";"6 - Plus de 60 ans";172;104.4333342857143;104.43
"Marketing";96;"CDD";35;6;0;0;3640;"F";0;0;"1 - Moins de 5 ans";"1 - [0-10[";"6 - [3500 - 4000[";"3 - [40-50[ ans";173;104;104
"Marketing";38;"CDI";35;32;1;0;3597.5333;"F";0;0;"4 - [15 - 20  ans[";"7 - [60-70[";"6 - [3500 - 4000[";"2 - [30-40[ ans";174;102.78666571428572;102.79
"Marketing";81;"CDI";35;30;1;0;3582.3667;"H";0;0;"5 - Plus de 20 ans";"5 - [40-50[";"6 - [3500 - 4000[";"3 - [40-50[ ans";175;102.35333428571428;102.35
"Consultant";1;"CDI";35;39;1;0;3547.4833;"F";1;0;"3 - [10 - 15[ ans";"5 - [40-50[";"6 - [3500 - 4000[";"1 - [20-30[ ans";176;101.35666571428571;101.36
"RH";92;"CDI";35;11;0;1;3508.05;"H";0;0;"5 - Plus de 20 ans";"7 - [60-70[";"6 - [3500 - 4000[";"3 - [40-50[ ans";177;100.23;100.23
"RH";65;"CDI";35;19;0;0;3486.8167;"H";0;0;"1 - Moins de 5 ans";"2 - [10-20[";"5 - [3000 - 3500[";"2 - [30-40[ ans";178;99.62333428571428;99.62
"Marketing";99;"CDI";35;3;1;0;3462.55;"H";0;1;"5 - Plus de 20 ans";"2 - [10-20[";"5 - [3000 - 3500[";"3 - [40-50[ ans";179;98.93;98.93
"Consultant";25;"CDI";35;30;0;0;3459.5167;"F";0;0;"3 - [10 - 15[ ans";"4 - [30-40[";"5 - [3000 - 3500[";"5 - [50-60[ ans";180;98.84333428571429;98.84
"Compta Finances";44;"CDI";35;27;1;0;3436.7667;"H";0;0;"3 - [10 - 15[ ans";"2 - [10-20[";"5 - [3000 - 3500[";"2 - [30-40[ ans";181;98.19333428571429;98.19
"Compta Finances";56;"CDI";35;23;0;0;3383.6833;"H";0;0;"4 - [15 - 20  ans[";"2 - [10-20[";"5 - [3000 - 3500[";"3 - [40-50[ ans";182;96.67666571428572;96.68
"RH";90;"CDI";35;28;1;0;3335.15;"H";0;0;"2 - [5 - 10[ ans";"1 - [0-10[";"5 - [3000 - 3500[";"5 - [50-60[ ans";183;95.29;95.29
"Commercial";42;"CDI";35;30;1;0;3260.8333;"F";0;0;"4 - [15 - 20  ans[";"3 - [20-30[";"5 - [3000 - 3500[";"2 - [30-40[ ans";184;93.16666571428571;93.17
"Marketing";25;"CDI";35;34;0;0;3256.2833;"F";0;0;"2 - [5 - 10[ ans";"2 - [10-20[";"5 - [3000 - 3500[";"5 - [50-60[ ans";185;93.03666571428572;93.04
"Consultant";36;"CDI";35;35;0;0;3232.0167;"H";0;0;"5 - Plus de 20 ans";"1 - [0-10[";"5 - [3000 - 3500[";"3 - [40-50[ ans";186;92.34333428571429;92.34
"RH";23;"CDI";35;27;1;0;3218.3667;"F";0;0;"4 - [15 - 20  ans[";"3 - [20-30[";"5 - [3000 - 3500[";"5 - [50-60[ ans";187;91.95333428571429;91.95
"Compta Finances";45;"CDD";35;38;;0;3201.6833;"F";0;0;"1 - Moins de 5 ans";"1 - [0-10[";"5 - [3000 - 3500[";"1 - [20-30[ ans";188;91.47666571428572;91.48
"Commercial";58;"CDD";35;3;0;0;3185;"F";0;0;"1 - Moins de 5 ans";"7 - [60-70[";"5 - [3000 - 3500[";"3 - [40-50[ ans";189;91;91
"Consultant";18;"CDD";35;10;0;0;3168.3167;"F";0;0;"1 - Moins de 5 ans";"5 - [40-50[";"5 - [3000 - 3500[";"3 - [40-50[ ans";190;90.52333428571428;90.52
"Commercial";67;"CDI";35;0;0;0;3165.2833;"F";0;1;"2 - [5 - 10[ ans";"2 - [10-20[";"5 - [3000 - 3500[";"5 - [50-60[ ans";191;90.43666571428571;90.44
"RH";48;"CDI";24;37;0;0;3116.88;"F";0;0;"2 - [5 - 10[ ans";"5 - [40-50[";"5 - [3000 - 3500[";"6 - Plus de 60 ans";192;129.87;129.87
"Consultant";19;"CDI";35;13;0;0;3097.0333;"F";0;0;"5 - Plus de 20 ans";"6 - [50-60[";"5 - [3000 - 3500[";"6 - Plus de 60 ans";193;88.48666571428572;88.49
"RH";73;"CDI";24;6;0;0;3060.72;"F";0;0;"4 - [15 - 20  ans[";"4 - [30-40[";"5 - [3000 - 3500[";"5 - [50-60[ ans";194;127.52999999999999;127.53
"Consultant";24;"CDD";35;8;0;0;3033.3333;"F";0;0;"1 - Moins de 5 ans";"2 - [10-20[";"5 - [3000 - 3500[";"6 - Plus de 60 ans";195;86.66666571428571;86.67
"RH";15;"CDI";35;19;1;0;3012.1;"F";0;0;"4 - [15 - 20  ans[";"2 - [10-20[";"5 - [3000 - 3500[";"5 - [50-60[ ans";196;86.06;86.06
"Marketing";22;"CDI";35;21;1;0;2998.45;"H";0;0;"2 - [5 - 10[ ans";"2 - [10-20[";"4 - [2500 - 3000[";"1 - [20-30[ ans";197;85.67;85.67
"Commercial";97;"CDI";35;33;1;1;2928.6833;"F";0;1;"2 - [5 - 10[ ans";"4 - [30-40[";"4 - [2500 - 3000[";"5 - [50-60[ ans";198;83.67666571428572;83.68
"Consultant";89;"CDI";35;39;1;0;2918.0667;"H";0;0;"5 - Plus de 20 ans";"5 - [40-50[";"4 - [2500 - 3000[";"3 - [40-50[ ans";199;83.37333428571428;83.37
"Commercial";98;"CDI";35;35;1;0;2916.55;"F";0;0;"3 - [10 - 15[ ans";"5 - [40-50[";"4 - [2500 - 3000[";"2 - [30-40[ ans";200;83.33;83.33
"Marketing";40;"CDI";35;35;0;1;2912;"F";0;0;"1 - Moins de 5 ans";"7 - [60-70[";"4 - [2500 - 3000[";"5 - [50-60[ ans";201;83.2;83.2
"Commercial";76;"CDD";35;27;0;0;2881.6667;"F";0;0;"1 - Moins de 5 ans";"2 - [10-20[";"4 - [2500 - 3000[";"5 - [50-60[ ans";202;82.33333428571429;82.33
"Informatique";81;"CDD";35;15;1;0;2848.3;"H";0;1;"1 - Moins de 5 ans";"2 - [10-20[";"4 - [2500 - 3000[";"2 - [30-40[ ans";203;81.38000000000001;81.38
"Consultant";69;"CDI";35;2;0;0;2843.75;"H";0;0;"3 - [10 - 15[ ans";"2 - [10-20[";"4 - [2500 - 3000[";"3 - [40-50[ ans";204;81.25;81.25
"Consultant";24;"CDI";35;15;1;0;2834.65;"H";0;0;"2 - [5 - 10[ ans";"7 - [60-70[";"4 - [2500 - 3000[";"6 - Plus de 60 ans";205;80.99000000000001;80.99
"Commercial";86;"CDI";35;21;0;0;2828.5833;"H";0;0;"5 - Plus de 20 ans";"1 - [0-10[";"4 - [2500 - 3000[";"5 - [50-60[ ans";206;80.8166657142857;80.82
"Consultant";9;"CDI";28;8;1;0;2813.72;"H";0;0;"3 - [10 - 15[ ans";"2 - [10-20[";"4 - [2500 - 3000[";"5 - [50-60[ ans";207;100.49;100.49
"Consultant";66;"CDI";35;10;1;0;2777.0167;"H";0;0;"5 - Plus de 20 ans";"2 - [10-20[";"4 - [2500 - 3000[";"5 - [50-60[ ans";208;79.34333428571429;79.34
"Compta Finances";89;"CDI";35;33;0;0;2769.4333;"H";0;1;"4 - [15 - 20  ans[";"7 - [60-70[";"4 - [2500 - 3000[";"2 - [30-40[ ans";209;79.12666571428572;79.13
"RH";88;"CDI";35;6;1;0;2767.9167;"H";0;0;"2 - [5 - 10[ ans";"5 - [40-50[";"4 - [2500 - 3000[";"6 - Plus de 60 ans";210;79.08333428571429;79.08
"RH";47;"CDI";24;27;0;0;2735.2;"H";0;0;"5 - Plus de 20 ans";"5 - [40-50[";"4 - [2500 - 3000[";"5 - [50-60[ ans";211;113.96666666666665;113.97
"Consultant";3;"CDI";35;4;1;0;2731.5167;"F";0;0;"4 - [15 - 20  ans[";"3 - [20-30[";"4 - [2500 - 3000[";"3 - [40-50[ ans";212;78.0433342857143;78.04
"Consultant";60;"CDI";35;20;1;0;2675.4;"H";0;0;"1 - Moins de 5 ans";"5 - [40-50[";"4 - [2500 - 3000[";"5 - [50-60[ ans";213;76.44;76.44
"Compta Finances";70;"CDI";35;32;1;0;2604.1167;"H";0;0;"5 - Plus de 20 ans";"7 - [60-70[";"4 - [2500 - 3000[";"6 - Plus de 60 ans";214;74.40333428571428;74.4
"Consultant";68;"CDI";35;13;0;0;2561.65;"H";0;0;"4 - [15 - 20  ans[";"5 - [40-50[";"4 - [2500 - 3000[";"2 - [30-40[ ans";215;73.19;73.19
"Consultant";59;"CDD";35;22;0;0;2558.6167;"H";0;1;"1 - Moins de 5 ans";"6 - [50-60[";"4 - [2500 - 3000[";"2 - [30-40[ ans";216;73.10333428571428;73.1
"Commercial";79;"CDI";35;21;0;0;2511.6;"H";0;1;"2 - [5 - 10[ ans";"3 - [20-30[";"4 - [2500 - 3000[";"2 - [30-40[ ans";217;71.75999999999999;71.76
"RH";98;"CDI";24;18;1;1;2507.44;"F";0;0;"4 - [15 - 20  ans[";"5 - [40-50[";"4 - [2500 - 3000[";"3 - [40-50[ ans";218;104.47666666666667;104.48
"Consultant";6;"CDD";32;21;0;0;2496;"F";0;1;"1 - Moins de 5 ans";"5 - [40-50[";"3 - [2000 - 2500[";"3 - [40-50[ ans";219;78;78
"Marketing";70;"CDD";35;21;0;0;2426.6667;"F";0;1;"1 - Moins de 5 ans";"2 - [10-20[";"3 - [2000 - 2500[";"5 - [50-60[ ans";220;69.33333428571429;69.33
"Commercial";62;"CDI";35;11;0;0;2396.3333;"H";0;1;"5 - Plus de 20 ans";"2 - [10-20[";"3 - [2000 - 2500[";"3 - [40-50[ ans";221;68.46666571428571;68.47
"Commercial";52;"CDI";35;20;0;0;2369.0333;"F";0;0;"3 - [10 - 15[ ans";"3 - [20-30[";"3 - [2000 - 2500[";"2 - [30-40[ ans";222;67.68666571428571;67.69
"Consultant";100;"CDD";32;12;0;0;2357.3333;"H";0;0;"1 - Moins de 5 ans";"2 - [10-20[";"3 - [2000 - 2500[";"5 - [50-60[ ans";223;73.666665625;73.67
"Commercial";63;"CDI";35;23;0;0;2309.8833;"F";0;0;"2 - [5 - 10[ ans";"1 - [0-10[";"3 - [2000 - 2500[";"5 - [50-60[ ans";224;65.99666571428571;66
"Consultant";81;"CDD";35;2;0;0;2226.4667;"F";0;0;"1 - Moins de 5 ans";"2 - [10-20[";"3 - [2000 - 2500[";"2 - [30-40[ ans";225;63.61333428571428;63.61
"Consultant";60;"CDI";35;18;1;1;2132.4333;"F";0;0;"1 - Moins de 5 ans";"2 - [10-20[";"3 - [2000 - 2500[";"3 - [40-50[ ans";226;60.92666571428572;60.93
"Compta Finances";84;"CDD";35;39;0;0;2123.3333;"F";0;0;"1 - Moins de 5 ans";"1 - [0-10[";"3 - [2000 - 2500[";"5 - [50-60[ ans";227;60.666665714285706;60.67
"Compta Finances";40;"CDI";35;7;1;1;2079.35;"F";0;1;"3 - [10 - 15[ ans";"4 - [30-40[";"3 - [2000 - 2500[";"3 - [40-50[ ans";228;59.41;59.41
"Consultant";59;"CDI";35;28;0;0;2073.2833;"F";0;0;"5 - Plus de 20 ans";"1 - [0-10[";"3 - [2000 - 2500[";"3 - [40-50[ ans";229;59.236665714285714;59.24
"Commercial";58;"CDI";35;34;0;0;2070.25;"F";0;0;"1 - Moins de 5 ans";"6 - [50-60[";"3 - [2000 - 2500[";"5 - [50-60[ ans";230;59.15;59.15
"Consultant";95;"CDI";35;24;1;0;2070.25;"F";1;0;"2 - [5 - 10[ ans";"5 - [40-50[";"3 - [2000 - 2500[";"1 - [20-30[ ans";231;59.15;59.15
"Consultant";37;"CDI";24;12;0;0;2055.04;"H";0;0;"3 - [10 - 15[ ans";"5 - [40-50[";"3 - [2000 - 2500[";"6 - Plus de 60 ans";232;85.62666666666667;85.63
"Compta Finances";12;"CDI";35;13;;0;2052.05;"F";0;0;"2 - [5 - 10[ ans";"7 - [60-70[";"3 - [2000 - 2500[";"2 - [30-40[ ans";233;58.63;58.63
"Consultant";92;"CDI";35;19;0;0;2027.7833;"F";0;0;"2 - [5 - 10[ ans";"6 - [50-60[";"3 - [2000 - 2500[";"2 - [30-40[ ans";234;57.936665714285716;57.94
"Consultant";42;"CDI";35;4;1;0;2024.75;"H";0;0;"3 - [10 - 15[ ans";"1 - [0-10[";"3 - [2000 - 2500[";"3 - [40-50[ ans";235;57.85;57.85
"Compta Finances";44;"CDI";35;35;1;0;2008.0667;"F";1;0;"1 - Moins de 5 ans";"7 - [60-70[";"3 - [2000 - 2500[";"1 - [20-30[ ans";236;57.373334285714286;57.37
"Marketing";19;"CDD";35;5;0;0;1989.8667;"H";0;0;"1 - Moins de 5 ans";"7 - [60-70[";"2 - [1500 - 2000[";"2 - [30-40[ ans";237;56.85333428571429;56.85
"Compta Finances";31;"CDI";35;6;1;0;1979.25;"H";0;0;"2 - [5 - 10[ ans";"5 - [40-50[";"2 - [1500 - 2000[";"3 - [40-50[ ans";238;56.55;56.55
"Compta Finances";18;"CDD";35;17;1;0;1920.1;"F";1;0;"1 - Moins de 5 ans";"4 - [30-40[";"2 - [1500 - 2000[";"2 - [30-40[ ans";239;54.86;54.86
"Consultant";45;"CDI";35;27;0;0;1873.0833;"H";0;0;"3 - [10 - 15[ ans";"3 - [20-30[";"2 - [1500 - 2000[";"3 - [40-50[ ans";240;53.516665714285715;53.52
"Marketing";67;"CDI";35;12;1;0;1863.9833;"F";1;0;"1 - Moins de 5 ans";"6 - [50-60[";"2 - [1500 - 2000[";"2 - [30-40[ ans";241;53.25666571428572;53.26
"Consultant";15;"CDI";28;19;0;0;1851.5467;"H";0;0;"5 - Plus de 20 ans";"4 - [30-40[";"2 - [1500 - 2000[";"3 - [40-50[ ans";242;66.12666785714286;66.13
"Compta Finances";15;"CDI";35;6;0;0;1835.1667;"H";0;0;"4 - [15 - 20  ans[";"1 - [0-10[";"2 - [1500 - 2000[";"2 - [30-40[ ans";243;52.43333428571429;52.43
"Compta Finances";17;"CDI";35;8;0;1;1833.65;"H";0;0;"2 - [5 - 10[ ans";"3 - [20-30[";"2 - [1500 - 2000[";"5 - [50-60[ ans";244;52.39;52.39
"Consultant";81;"CDI";35;8;1;0;1803.3167;"H";0;0;"1 - Moins de 5 ans";"7 - [60-70[";"2 - [1500 - 2000[";"2 - [30-40[ ans";245;51.52333428571429;51.52
"Consultant";47;"CDI";35;16;1;0;1774.5;"F";0;0;"2 - [5 - 10[ ans";"5 - [40-50[";"2 - [1500 - 2000[";"3 - [40-50[ ans";246;50.7;50.7
"Compta Finances";44;"CDI";35;20;1;1;1772.9833;"H";0;0;"4 - [15 - 20  ans[";"3 - [20-30[";"2 - [1500 - 2000[";"5 - [50-60[ ans";247;50.656665714285715;50.66
"Consultant";87;"CDI";24;10;1;1;1709.76;"H";0;0;"3 - [10 - 15[ ans";"2 - [10-20[";"2 - [1500 - 2000[";"5 - [50-60[ ans";248;71.24;71.24
"Consultant";87;"CDI";35;39;1;0;1703.2167;"F";0;0;"2 - [5 - 10[ ans";"3 - [20-30[";"2 - [1500 - 2000[";"3 - [40-50[ ans";249;48.663334285714285;48.66
"Consultant";98;"CDI";35;17;1;0;1697.15;"H";0;0;"5 - Plus de 20 ans";"6 - [50-60[";"2 - [1500 - 2000[";"5 - [50-60[ ans";250;48.49;48.49
"Marketing";32;"CDI";35;22;1;0;1669.85;"H";0;0;"3 - [10 - 15[ ans";"5 - [40-50[";"2 - [1500 - 2000[";"1 - [20-30[ ans";251;47.71;47.71
"Consultant";69;"CDI";35;18;0;0;1651.65;"H";0;0;"4 - [15 - 20  ans[";"5 - [40-50[";"2 - [1500 - 2000[";"3 - [40-50[ ans";252;47.190000000000005;47.19
"Marketing";40;"CDI";35;18;0;1;1598.5667;"F";0;0;"3 - [10 - 15[ ans";"5 - [40-50[";"2 - [1500 - 2000[";"2 - [30-40[ ans";253;45.67333428571429;45.67
"Commercial";62;"CDI";35;30;1;1;1590.9833;"H";0;0;"3 - [10 - 15[ ans";"4 - [30-40[";"2 - [1500 - 2000[";"3 - [40-50[ ans";254;45.45666571428572;45.46
"Consultant";30;"CDI";24;14;1;0;1110.72;"H";0;0;"2 - [5 - 10[ ans";"2 - [10-20[";"1 - [1000 - 1500[";"5 - [50-60[ ans";255;46.28;46.28
"Compta Finances";68;"CDI";24;1;0;1;1059.76;"F";0;0;"3 - [10 - 15[ ans";"2 - [10-20[";"1 - [1000 - 1500[";"2 - [30-40[ ans";256;44.156666666666666;44.16
